{ 
	"GamePackQuality" : "unknown", 
	"IsSafeMode" : false, 
	"Display" : { 
		"AllowVRR" : false, 
		"ShowPerformance" : "none", 
		"RenderingApi" : "d3d11", 
		"Adapter" : "", 
		"DisplayMode" : "windowed", 
		"ScreenSizeFS" : "3440 1440", 
		"ScreenSizeWin" : "1920x1080", 
		"RefreshRate" : 0, 
		"DisplaySync" : "none", 
		"StereoByDefault" : false, 
		"StereoAdvanced" : true, 
		"TripleBuffer" : "off", 
		"Customize" : true, 
		"Preset" : "none", 
		"Antialiasing" : "none", 
		"DeferredAA" : "none", 
		"ShaderQuality" : "very_fast", 
		"TexturesQuality" : "very_low", 
		"FilterAnisoQ" : "anisotropic_16x", 
		"ZClip" : "disable", 
		"ZClipAuto" : "medium", 
		"ZClipNbBlock" : 10, 
		"GeometryQuality" : "very_nice", 
		"GeomLodScaleZ" : 1, 
		"ReflectEverywhere" : "none", 
		"WaterReflect" : "very_fast", 
		"WaterGeomStadium" : false, 
		"VehicleReflect" : "low", 
		"VehicleReflectMaxCount" : 1, 
		"Decals_3D (TextureDecals)" : true, 
		"Decals_2D (TextureDecals)" : false, 
		"FxBloomHdr" : "medium", 
		"FxMotionBlur" : "off", 
		"FxMotionBlurIntens" : 0.25, 
		"FxBlur" : "off", 
		"LM SizeMax" : "auto", 
		"LM Quality" : "very_fast", 
		"LM QUltra" : false, 
		"LM iLight" : true, 
		"ScreenShotExt" : "jpg", 
		"Shadows" : "none", 
		"GpuSync0" : "1_frame", 
		"GpuSync1" : "2_frames", 
		"GpuSync2" : "3_frames", 
		"GpuSync3" : "none", 
		"GpuSyncTimeOut" : 10000, 
		"MaxFps" : 0, 
		"EmulateCursorGDI" : false, 
		"OptimPartDynaGeom" : false, 
		"DisableZBufferRange" : false, 
		"DisableWindowedAntiAlias" : false, 
		"DisableHdrCubeRenderMipMap" : true, 
		"EnableFullscreenGDI" : false, 
		"LightFromMap" : "all_vehicles", 
		"EnableCheckLags" : true, 
		"AgpUseFactor" : 0, 
		"ParticleMaxGpuLoadMs" : 1.7, 
		"AsyncRender" : false, 
		"MultiThread" : true, 
		"ThreadCountMax" : 4, 
		"Automatic_Enabled" : false, 
		"Automatic_MinFps" : 0 
	}, 
	"DisplaySafe" : { 
		"AllowVRR" : false, 
		"ShowPerformance" : "none", 
		"RenderingApi" : "d3d11", 
		"Adapter" : "", 
		"DisplayMode" : "windowedfull", 
		"ScreenSizeFS" : "640 480", 
		"ScreenSizeWin" : "800x450", 
		"RefreshRate" : 0, 
		"DisplaySync" : "none", 
		"StereoByDefault" : false, 
		"StereoAdvanced" : true, 
		"TripleBuffer" : "off", 
		"Customize" : true, 
		"Preset" : "none", 
		"Antialiasing" : "none", 
		"DeferredAA" : "none", 
		"ShaderQuality" : "very_fast", 
		"TexturesQuality" : "very_low", 
		"FilterAnisoQ" : "bilinear", 
		"ZClip" : "disable", 
		"ZClipAuto" : "medium", 
		"ZClipNbBlock" : 10, 
		"GeometryQuality" : "nice", 
		"GeomLodScaleZ" : 1, 
		"ReflectEverywhere" : "none", 
		"WaterReflect" : "very_fast", 
		"WaterGeomStadium" : false, 
		"VehicleReflect" : "low", 
		"VehicleReflectMaxCount" : 1, 
		"Decals_3D (TextureDecals)" : false, 
		"Decals_2D (TextureDecals)" : false, 
		"FxBloomHdr" : "none", 
		"FxMotionBlur" : "off", 
		"FxMotionBlurIntens" : 0, 
		"FxBlur" : "off", 
		"LM SizeMax" : "1k2", 
		"LM Quality" : "very_fast", 
		"LM QUltra" : false, 
		"LM iLight" : false, 
		"ScreenShotExt" : "jpg", 
		"Shadows" : "none", 
		"GpuSync0" : "immediate", 
		"GpuSync1" : "immediate", 
		"GpuSync2" : "immediate", 
		"GpuSync3" : "immediate", 
		"GpuSyncTimeOut" : 50000, 
		"MaxFps" : 150, 
		"EmulateCursorGDI" : true, 
		"OptimPartDynaGeom" : false, 
		"DisableZBufferRange" : true, 
		"DisableWindowedAntiAlias" : true, 
		"DisableHdrCubeRenderMipMap" : true, 
		"EnableFullscreenGDI" : false, 
		"LightFromMap" : "none", 
		"EnableCheckLags" : false, 
		"AgpUseFactor" : 0, 
		"ParticleMaxGpuLoadMs" : 1.7, 
		"AsyncRender" : false, 
		"MultiThread" : false, 
		"ThreadCountMax" : 1, 
		"Automatic_Enabled" : true, 
		"Automatic_MinFps" : 30 
	}, 
	"NetworkUseProxy" : false, 
	"NetworkProxyUrl" : "", 
	"NetworkServerPort" : 2350, 
	"NetworkP2PServerPort" : 3450, 
	"NetworkClientPort" : 0, 
	"NetworkSpeed" : "100mbps", 
	"NetworkCustomDownload" : 1310720, 
	"NetworkCustomUpload" : 327680, 
	"NetworkForceUseLocalAddress" : false, 
	"NetworkForceServerAddress" : "0.0.0.0:0", 
	"NetworkServerBroadcastLength" : 50, 
	"NetworkTestInternetConnection" : false, 
	"NetworkUseNatUPnP" : false, 
	"NetworkLastUsedMSAddress" : "", 
	"NetworkLastUsedMSPath" : "", 
	"FileTransferEnableDownload" : true, 
	"FileTransferEnableUpload" : true, 
	"EnableLocators" : true, 
	"AutoUpdateFromLocatorAtInternetConnection" : false, 
	"AutoUpdateFromLocator" : true, 
	"AutoUpdateLocatorDBUrl" : "", 
	"FileTransferEnableAvatarDownload" : true, 
	"FileTransferEnableAvatarUpload" : true, 
	"FileTransferEnableAvatarLocators" : true, 
	"FileTransferEnableMapDownload" : true, 
	"FileTransferEnableMapUpload" : true, 
	"FileTransferEnableMapLocators" : true, 
	"FileTransferEnableMapModDownload" : true, 
	"FileTransferEnableMapModUpload" : true, 
	"FileTransferEnableMapModLocators" : true, 
	"FileTransferEnableMapSkinDownload" : true, 
	"FileTransferEnableMapSkinUpload" : true, 
	"FileTransferEnableMapSkinLocators" : true, 
	"FileTransferEnableTagDownload" : true, 
	"FileTransferEnableTagUpload" : true, 
	"FileTransferEnableTagLocators" : true, 
	"FileTransferEnableVehicleSkinDownload" : true, 
	"FileTransferEnableVehicleSkinUpload" : true, 
	"FileTransferEnableVehicleSkinLocators" : true, 
	"FileTransferEnableUnknownTypeDownload" : true, 
	"FileTransferEnableUnknownTypeUpload" : true, 
	"FileTransferEnableUnknownTypeLocators" : true, 
	"IsIgnorePlayerSkins" : false, 
	"IsSkipRollingDemo" : false, 
	"GameProfileEnableMulti" : true, 
	"GameProfileName" : "", 
	"PlayerInfoDisplaySize" : 3, 
	"PlayerInfoDisplayType" : "avatar_and_name", 
	"DisableReplayRecording" : false, 
	"TmCarQuality" : "high_medium_opponents", 
	"TmCarParticlesQuality" : "all_high", 
	"PlayerShadow" : "all", 
	"PlayerOcclusion" : "all", 
	"TmOpponents" : "hide_too_close", 
	"TmMaxOpponents" : 16, 
	"TmBackgroundQuality" : "high", 
	"SmMaxPlayerResimStepPerFrame" : 100, 
	"AudioEnabled" : true, 
	"AudioDevice_Oal" : "Realtek HD Audio 2nd output (Realtek(R) Audio) [OpenAL Soft]", 
	"AudioMuteWhenAppUnfocused" : true, 
	"AudioSoundVolume" : 0, 
	"AudioSoundLimit_Scene" : 1, 
	"AudioSoundLimit_Ui" : 1, 
	"AudioMusicVolume" : 0, 
	"AudioGlobalQuality" : "normal", 
	"AudioAllowEFX" : true, 
	"AudioAllowHRTF" : true, 
	"AudioDisableDoppler" : false, 
	"InputsAlternateMethod" : false, 
	"InputsCaptureKeyboard" : false, 
	"InputsFreezeUnusedAxes" : true, 
	"InputsEnableRumble" : true, 
	"InputsEnableJoysticks" : true, 
	"Advertising_Enabled" : "configurable", 
	"Advertising_TunningCoef" : 0, 
	"Advertising_DisabledByUser" : false, 
	"EnableCrashLogUpload" : true, 
	"BlackListUrl" : "", 
	"BadWordListUrl" : "", 
	"AntiCheatServerUrl" : "", 
	"DesiredLanguageId" : "**", 
	"SkipIntro" : true, 
	"VoiceChat_Device_In" : "default", 
	"VoiceChat_Device_Out" : "default", 
	"VoiceChat_SpeakerVolume" : 1, 
	"VoiceChat_VoiceDetection_Mode" : "autodetect", 
	"VoiceChat_VoiceDetection_Sensitivity" : 1, 
	"VoiceChat_VoiceDetection_Auto" : false, 
	"VoiceChat_VoiceDetection" : 1 
}